model,framework,backend,dtype,category,problem,pass_count,num_runs,passed,avg_generation_time_sec,avg_generation_tps,avg_tokens_generated,sample_response,execution_stdout,execution_stderr,execution_exit_code,parsed_tool_calls
gemma-4-12b-it,mlx,metal,int4,coding,fizzbuzz,3,3,True,22.77,32.6,742.0,"<|channel>thought
*   Input: An integer `n`.
    *   Output: A string.
    *   Rules:
        *   If `n` is a multiple of 3: ""Fizz""
        *   If `n` is a multiple of 5: ""Buzz""
        *   If `n` is a multiple of both 3 and 5: ""FizzBuzz""
        *   Otherwise: The number as a string.

    *   Function name: `fizzbuzz`
    *   Parameter: `n` (type `int`)
    *   Return type: `str`

    *   Check if `n % 3 == 0` and `n % 5 == 0` (or `n % 15 == 0`).
    *   If true, return ""FizzBuzz"".
    *   Else","Fizz
Buzz
FizzBuzz
7
ALL TESTS PASSED
",,0.0,
gemma-4-12b-it,mlx,metal,int4,coding,reverse_string,3,3,True,27.88,31.4,876.0,"<|channel>thought
*   Input: A string `s`.
    *   Output: A string with the characters in reverse order.
    *   Language: Python.

    *   *Method 1: Slicing (The most Pythonic way).*
        *   Syntax: `s[::-1]`
        *   Pros: Fast, concise, idiomatic.
    *   *Method 2: Built-in `reversed()` and `join()`.*
        *   Syntax: `"""".join(reversed(s))`
        *   Pros: Readable, clear intent.
    *   *Method 3: Iterative approach (Manual).*
        *   Logic: Create a new string and append ","olleh
nohtyP
54321
ALL TESTS PASSED
",,0.0,
gemma-4-12b-it,mlx,metal,int4,coding,fibonacci,0,3,False,98.16,31.3,3072.0,"<|channel>thought
*   Input: An integer `n`.
    *   Output: A list of the first `n` Fibonacci numbers.
    *   Constraint: The sequence starts with 0.
    *   Language: Python.

    *   Fibonacci sequence: 0, 1, 1, 2, 3, 5, 8, 13, ...
    *   Rule: $F(0) = 0$, $F(1) = 1$, $F(n) = F(n-1) + F(n-2)$.

    *   *Base Cases:*
        *   If $n \le 0$, return an empty list.
        *   If $n = 1$, return `[0]`.
        *   If $n = 2$, return `[0, 1]`.
    *   *Iterative Approach:*
        *   Initiali",,"Traceback (most recent call last):
  File ""/var/folders/x6/vgf42bt57h7bhf29vznthr5w0000gn/T/sandbox_viy4bztn.py"", line 3, in <module>
    assert fibonacci(0) == [], 'Test case 0 failed'
           ^^^^^^^^^
NameError: name 'fibonacci' is not defined
",1.0,
gemma-4-12b-it,mlx,metal,int4,coding,binary_search,3,3,True,34.7,31.8,1104.0,"<|channel>thought
The objective is to write a Python function `binary_search(arr: list, target: int) -> int`.
    *   Input: A sorted list of integers (`arr`) and a target integer (`target`).
    *   Output: The index of the target if found, otherwise -1.

    *   Binary search works on a sorted array.
    *   It uses a ""divide and conquer"" approach.
    *   It maintains two pointers: `low` (start of the range) and `high` (end of the range).
    *   It calculates the `mid` point.
    *   If `tar","Index of 40: 3
Index of 10: 0
Index of 99: -1
ALL TESTS PASSED
",,0.0,
gemma-4-12b-it,mlx,metal,int4,coding,palindrome,0,3,False,50.01,31.8,1589.0,"<|channel>thought
The objective is to write a Python function `is_palindrome(s: str) -> bool`.
    *   Input: A string `s`.
    *   Output: `True` if it's a palindrome, `False` otherwise.
    *   Constraints: Ignore case (case-insensitive) and non-alphanumeric characters (like spaces, punctuation, etc.).

    *   Input: ""Racecar"" -> Expected: `True` (Case insensitive: ""racecar"" == ""racecar"")
    *   Input: ""A man, a plan, a canal: Panama"" -> Expected: `True` (Ignore spaces/punctuation: ""amanapla",,"  File ""/var/folders/x6/vgf42bt57h7bhf29vznthr5w0000gn/T/sandbox_rwz_5147.py"", line 22
    print(is_palindrome(""No 'x' in Nixon"")           # True
         ^
SyntaxError: '(' was never closed
",1.0,
gemma-4-12b-it,mlx,metal,int4,reasoning,train_problem,3,3,True,11.77,32.7,385.0,"<|channel>thought
*   Distance between two trains: 200 km.
    *   Speed of Train A: 60 km/h.
    *   Speed of Train B: 40 km/h.
    *   Direction: Moving toward each other.
    *   Goal: Find the time until they meet.

    *   When two objects move toward each other, their relative speed is the sum of their individual speeds.
    *   Relative Speed = Speed of Train A + Speed of Train B.
    *   Time = Distance / Relative Speed.

    *   Relative Speed = 60 km/h + 40 km/h = 100 km/h.
    *   Tim",,,,
gemma-4-12b-it,mlx,metal,int4,reasoning,coin_probability,3,3,True,27.28,31.4,857.0,"<|channel>thought
*   Action: Flip a fair coin 3 times.
    *   Goal: Find the probability of getting at least 2 heads.

    *   Each flip has 2 outcomes (Head or Tail).
    *   Total outcomes = $2^3 = 2 \times 2 \times 2 = 8$.
    *   The sample space $S = \{HHH, HHT, HTH, THH, HTT, THT, TTH, TTT\}$.

    *   ""At least 2 heads"" means 2 heads or 3 heads.
    *   Let's list the outcomes for each:
        *   3 Heads: $\{HHH\}$ (1 outcome)
        *   2 Heads: $\{HHT, HTH, THH\}$ (3 outcomes)
    ",,,,
gemma-4-12b-it,mlx,metal,int4,reasoning,workers_problem,3,3,True,11.69,32.8,384.0,"<|channel>thought
*   Input: 5 workers can build a wall in 10 days.
    *   Question: How long would it take 10 workers to build the same wall?

    *   This is a problem of inverse proportion. As the number of workers increases, the time taken to complete the same task decreases (assuming all workers work at the same rate).

    *   Work = Number of workers $\times$ Time taken.
    *   Work = $5 \text{ workers} \times 10 \text{ days} = 50 \text{ worker-days}$.

    *   Work = 50 worker-days.
  ",,,,
gemma-4-12b-it,mlx,metal,int4,reasoning,age_problem,3,3,True,24.81,31.7,786.0,"<|channel>thought
*   Tom's current age = $T$
    *   Jerry's current age = $J$

    *   Equation 1: Tom is twice as old as Jerry.
        $T = 2J$
    *   Equation 2: In 5 years, Tom will be 1.5 times as old as Jerry.
        $(T + 5) = 1.5 \times (J + 5)$

    *   Substitute $T = 2J$ into the second equation:
        $(2J + 5) = 1.5(J + 5)$
    *   Distribute the 1.5:
        $2J + 5 = 1.5J + 7.5$
    *   Subtract $1.5J$ from both sides:
        $0.5J + 5 = 7.5$
    *   Subtract 5 from both si",,,,
gemma-4-12b-it,mlx,metal,int4,reasoning,sequence_pattern,3,3,True,29.51,32.1,946.0,"<|channel>thought
*   Sequence: 2, 6, 12, 20, 30, ?
    *   Goal: Find the next number.

    *   Difference between 6 and 2: $6 - 2 = 4$
    *   Difference between 12 and 6: $12 - 6 = 6$
    *   Difference between 20 and 12: $20 - 12 = 8$
    *   Difference between 30 and 20: $30 - 20 = 10$

    *   The differences are: 4, 6, 8, 10.
    *   The difference between these differences:
        *   $6 - 4 = 2$
        *   $8 - 6 = 2$
        *   $10 - 8 = 2$
    *   The differences are increasing by ",,,,
gemma-4-12b-it,mlx,metal,int4,instruction_following,json_output,3,3,True,7.14,33.2,237.0,"<|channel>thought
*   Task: Output a JSON object.
    *   Keys: ""name"", ""age"", ""hobbies"" (list).
    *   Content: Fictional person.
    *   Constraint: Output ONLY the JSON, no other text.

    *   Name: ""Elara Vance""
    *   Age: 28
    *   Hobbies: [""Astronomy"", ""Oil Painting"", ""Hiking""]

    ```json
    {
      ""name"": ""Elara Vance"",
      ""age"": 28,
      ""hobbies"": [""Astronomy"", ""Oil Painting"", ""Hiking""]
    }
    ```

    *   JSON format? Yes.
    *   Keys correct? Yes.
    *   Hobbies is ",,,,
gemma-4-12b-it,mlx,metal,int4,instruction_following,numbered_list,3,3,True,11.43,32.9,376.0,"<|channel>thought
*   Topic: Benefits of regular exercise.
    *   Quantity: 5 benefits.
    *   Format: Numbered list (1. 2. 3. etc.).

    *   Weight management/Weight loss.
    *   Improved cardiovascular health (heart health).
    *   Mental health/Reduced stress/Improved mood.
    *   Stronger muscles and bones.
    *   Improved sleep quality.
    *   Reduced risk of chronic diseases (e.g., diabetes, hypertension).
    *   Increased energy levels.

    1.  Improved Cardiovascular Health: St",,,,
gemma-4-12b-it,mlx,metal,int4,instruction_following,word_constraint,0,3,False,99.12,31.0,3072.0,"<|channel>thought
*   Topic: Machine Learning (ML).
    *   Constraint: 50 words or fewer.
    *   Goal: Explain what it is.

    Machine learning is a subset of artificial intelligence where computers learn from data. Instead of being explicitly programmed for every task, they identify patterns and improve their performance over time. By analyzing large amounts of information, machines can make predictions, recognize images, and perform complex tasks like human learning.

    Machine learning i",,,,
gemma-4-12b-it,mlx,metal,int4,instruction_following,code_with_comments,0,3,False,32.92,31.9,1049.0,"<|channel>thought
The objective is to write a Python function that calculates the area of a circle.

    *   Input: Radius of the circle (a number).
    *   Output: Area of the circle (a number).
    *   Formula: $Area = \pi \times r^2$.

    *   Import the `math` module to get an accurate value for $\pi$.
    *   Define the function name (e.g., `calculate_circle_area`).
    *   Add a parameter (e.g., `radius`).
    *   Check for valid input (optional but good practice: radius should be non-nega","The area of a circle with radius 5 is: 78.54
","Traceback (most recent call last):
  File ""/var/folders/x6/vgf42bt57h7bhf29vznthr5w0000gn/T/sandbox_m_z1xcva.py"", line 42, in <module>
    assert abs(circle_area(0.0) - 0.0) < 1e-6, 'Test case 0 failed'
               ^^^^^^^^^^^
NameError: name 'circle_area' is not defined
",1.0,
gemma-4-12b-it,mlx,metal,int4,instruction_following,direct_answer,3,3,True,1.04,33.8,35.0,"<|channel>thought
The user is asking for the capital of France.
The user requested a direct answer with no explanation.
The capital of France is Paris.<channel|>Paris",,,,
gemma-4-12b-it,mlx,metal,int4,coding,lru_cache,3,3,True,72.84,31.2,2272.0,"<|channel>thought
The objective is to implement a function `lru_cache_ops(capacity: int, operations: list) -> list` that simulates a Least Recently Used (LRU) cache.

    *   `capacity`: Integer (max size of the cache).
    *   `operations`: A list of tuples.
        *   `('get', key)`: Retrieve the value associated with the key.
        *   `('put', key, value)`: Insert/Update a key-value pair.
    *   Return: A list of results.
        *   `get` returns the value (or -1 if not found).
        ","[None, None, 1, None, -1]
ALL TESTS PASSED
",,0.0,
gemma-4-12b-it,mlx,metal,int4,coding,flatten_nested,0,3,False,60.75,31.5,1913.0,"<|channel>thought
The objective is to write a Python function `flatten(lst: list) -> list` that takes a nested list (arbitrarily deep) and returns a single flat list containing all elements.

    *   Input: `[1, [2, 3], [4, [5, 6]], 7]`
    *   Output: `[1, 2, 3, 4, 5, 6, 7]`
    *   Input: `[1, [2, [3, [4]]]]`
    *   Output: `[1, 2, 3, 4]`

    *   *Approach 1: Recursion.* This is the most natural way to handle nested structures. If an element is a list, recurse into it. If it's not, add it to",,"  File ""/var/folders/x6/vgf42bt57h7bhf29vznthr5w0000gn/T/sandbox_fjkun7rc.py"", line 12
    print(flatten([1, [2, [3, [4, [5]]]]))      # Output: [1, 2, 3, 4, 5]
                                        ^
SyntaxError: closing parenthesis ')' does not match opening parenthesis '['
",1.0,
gemma-4-12b-it,mlx,metal,int4,coding,longest_palindrome_substring,3,3,True,68.72,31.3,2151.0,"<|channel>thought
The objective is to write a Python function that finds the longest palindromic substring in a given string.

    *   Input: A string `s`.
    *   Output: The longest substring that reads the same forwards and backwards.
    *   Example 1: ""babad"" -> ""bab"" or ""aba"" (both are valid).
    *   Example 2: ""cbbd"" -> ""bb"".
    *   Example 3: ""a"" -> ""a"".
    *   Example 4: ""ac"" -> ""a"" or ""c"".

    *   *Approach 1: Brute Force.* Check every possible substring.
        *   Complexity: $O","Input: babad | Result: bab | Correct: True
Input: cbbd | Result: bb | Correct: True
Input: a | Result: a | Correct: True
Input: racecar | Result: racecar | Correct: True
Input: ac | Result: a | Correct: True
Input:  | Result:  | Correct: True
ALL TESTS PASSED
",,0.0,
gemma-4-12b-it,mlx,metal,int4,coding,calculator,0,3,False,402.74,30.5,12288.0,"<|channel>thought
The objective is to write a Python function `calculate(expression: str) -> float` that evaluates a mathematical expression string. It must handle addition, subtraction, multiplication, division, and parentheses, following standard operator precedence (PEMDAS/BODMAS).

    *   Input: A string like `""3 + 5 * (2 - 8)""`.
    *   Output: A float value (e.g., `-20.0`).
    *   Constraints: Handle nested parentheses, multiple operators, and correct order of operations.

    *   *Optio",,"Traceback (most recent call last):
  File ""/var/folders/x6/vgf42bt57h7bhf29vznthr5w0000gn/T/sandbox_g7u_6yhj.py"", line 3, in <module>
    assert abs(calculate('5') - 5.0) < 1e-6, 'Test case 0 failed'
               ^^^^^^^^^
NameError: name 'calculate' is not defined
",1.0,
gemma-4-12b-it,mlx,metal,int4,coding,buggy_merge_sort,3,3,True,60.36,30.6,1846.0,"<|channel>thought
The objective is to implement a correct `merge_sort` function in Python.

    *   Input: A list of elements (`arr`).
    *   Output: A sorted list.
    *   Constraints/Requirements:
        *   Handle empty lists.
        *   Handle single-element lists.
        *   Handle duplicates.
        *   Algorithm: Merge Sort (Divide and Conquer).

    *   *Base Case:* If the list has 0 or 1 elements, it's already sorted. Return it.
    *   *Divide:* Find the midpoint and split the lis","Input: [] | Result: [] | Success: True
Input: [1] | Result: [1] | Success: True
Input: [1, 2, 3, 4, 5] | Result: [1, 2, 3, 4, 5] | Success: True
Input: [5, 4, 3, 2, 1] | Result: [1, 2, 3, 4, 5] | Success: True
Input: [3, 1, 4, 1, 5, 9, 2] | Result: [1, 1, 2, 3, 4, 5, 9] | Success: True
Input: ['apple', 'orange', 'banana'] | Result: ['apple', 'banana', 'orange'] | Success: True
ALL TESTS PASSED
",,0.0,
gemma-4-12b-it,mlx,metal,int4,reasoning,compound_interest,3,3,True,36.47,31.6,1151.0,"<|channel>thought
*   Principal ($P$): $10,000
    *   Annual Interest Rate ($r$): 5% (or 0.05 as a decimal)
    *   Compounding Frequency ($n$): Quarterly (4 times per year)
    *   Time ($t$): 3 years
    *   Goal: Find the final amount ($A$).

    *   The formula for compound interest is: $A = P(1 + \frac{r}{n})^{nt}$
    *   Where:
        *   $A$ = Final amount
        *   $P$ = Principal amount
        *   $r$ = Annual interest rate (decimal)
        *   $n$ = Number of times interest is c",,,,
gemma-4-12b-it,mlx,metal,int4,reasoning,circular_seating,3,3,True,40.62,32.0,1298.0,"<|channel>thought
*   Total people: 6
    *   Arrangement: Circular table.
    *   Constraint: Alice and Bob must *not* sit next to each a each other.

    *   In a circular arrangement of $n$ distinct items, the total number of ways to arrange them is $(n-1)!$.
    *   For 6 people, the total number of ways to sit around a circular table is $(6-1)! = 5!$.
    *   $5! = 5 \times 4 \times 3 \times 2 \times 1 = 120$.

    *   To find the number of ways where they *do not* sit together, it's often ",,,,
gemma-4-12b-it,mlx,metal,int4,reasoning,logic_puzzle,3,3,True,38.72,31.6,1224.0,"<|channel>thought
*   Three people: A, B, and C.
    *   Each is either a Truth-teller (T) or a Liar (L).
    *   Statements:
        *   A: ""B is a liar.""
        *   B: ""C is a liar.""
        *   C: ""A and B are both liars.""

    *   Case 1: A is a Truth-teller (T).
    *   Case 2: A is a Liar (L).

    *   **Case 1: A is a Truth-teller (T).**
        *   If A is T, then A's statement (""B is a liar"") must be true.
        *   Therefore, **B is a Liar (L)**.
        *   If B is L, then B's stat",,,,
gemma-4-12b-it,mlx,metal,int4,reasoning,bayes_theorem,3,3,True,40.94,32.0,1308.0,"<|channel>thought
*   Prevalence of disease ($P(D)$): 1% = 0.01
    *   Sensitivity ($P(+\mid D)$): 95% = 0.95
    *   Specificity ($P(-\mid \text{not } D)$): 95% = 0.95
    *   False Positive Rate ($P(+\mid \text{not } D)$): 1 - Specificity = 5% = 0.05
    *   Goal: Find the probability of having the disease given a positive test result ($P(D \mid +)$).

    *   $P(D) = 0.01$ (Probability of having the disease)
    *   $P(\text{not } D) = 1 - 0.01 = 0.99$ (Probability of not having the disease)",,,,
gemma-4-12b-it,mlx,metal,int4,reasoning,proof_bug,3,3,True,25.94,32.0,829.0,"<|channel>thought
*   Premise: $a = b$
    *   Step 1: $a^2 = ab$ (Multiply both sides by $a$)
    *   Step 2: $a^2 - b^2 = ab - b^2$ (Subtract $b^2$ from both sides)
    *   Step 3: $(a + b)(a - b) = b(a - b)$ (Factor both sides)
    *   Step 4: $a + b = b$ (Divide both sides by $(a - b)$)
    *   Step 5: $b + b = b \implies 2b = b \implies 2 = 1$ (Substitute $a = b$ and divide by $b$)

    *   Step 1: $a = b \implies a^2 = ab$. (Valid)
    *   Step 2: $a^2 = ab \implies a^2 - b^2 = ab - b^2$. ",,,,
gemma-4-12b-it,mlx,metal,int4,math,modular_arithmetic,0,3,False,34.06,31.6,1075.0,"<|channel>thought
The objective is to find the remainder of $2^{100}$ when divided by 7. This is equivalent to finding $2^{100} \pmod{7}$.

    *   $2^1 \equiv 2 \pmod{7}$
    *   $2^2 \equiv 4 \pmod{7}$
    *   $2^3 = 8 \equiv 1 \pmod{7}$

    *   Since $2^3 \equiv 1 \pmod{7}$, the powers of 2 modulo 7 will repeat every 3 steps.
    *   $2^1 \equiv 2$
    *   $2^2 \equiv 4$
    *   $2^3 \equiv 1$
    *   $2^4 \equiv 2 \cdot 1 \equiv 2$
    *   $2^5 \equiv 4 \cdot  1 \equiv 4$
    *   $2^6 \equi",,,,
gemma-4-12b-it,mlx,metal,int4,math,inclusion_exclusion,3,3,True,51.65,29.9,1538.0,"<|channel>thought
The objective is to find the number of integers $n$ such that $1 \le n \le 1000$ and $n$ is divisible by 2, 3, or 5.

    *   Let $S = \{1, 2, \dots, 1000\}$.
    *   Let $A$ be the set of integers in $S$ divisible by 2.
    *   Let $B$ be the set of integers in $S$ divisible by 3.
    *   Let $C$ be the set of integers in $S$ divisible by 5.
    *   We want to find $|A \cup B \cup C|$.

    The formula for the union of three sets is:
    $|A \cup B \cup C| = |A| + |B| + |C| - ",,,,
gemma-4-12b-it,mlx,metal,int4,math,bouncing_ball,0,3,False,432.23,28.4,12288.0,"<|channel>thought
*   Initial height ($h_0$) = 10 meters.
    *   Rebound factor ($r$) = 3/4.
    *   The ball is dropped (not thrown up).
    *   Goal: Find the total distance traveled until it comes to rest.

    *   Initial drop: $10$ meters.
    *   First bounce:
        *   Up: $10 \times \frac{3}{4} = 7.5$ meters.
        *   Down: $7.5$ meters.
    *   Second bounce:
        *   Up: $7.5 \times \frac{3}{4} = 10 \times (\frac{3}{4})^2 = 5.625$ meters.
        *   Down: $5.625$ meters.
    ",,,,
gemma-4-12b-it,mlx,metal,int4,coding,markdown_to_html,0,3,False,60.02,29.7,1784.0,"<|channel>thought
The objective is to write a Python function `markdown_to_html(text: str) -> str` that converts basic Markdown syntax to HTML.

    *   Bold: `**text**` or `__text__` (The prompt specifies `**bold**`, so I'll focus on that).
    *   Italic: `*text*` or `_text_` (The prompt specifies `*italic*`).
    *   Code: `` `code` ``.
    *   Link: `[link](url)`.

    *   *Approach 1: Regular Expressions (Regex).* This is the standard way to handle simple string replacements for Markdown.
 ","Input:  Hello **World**
Output: Hello <b>World</b>
--------------------
Input:  This is *italic*
Output: This is <i>italic</i>
--------------------
Input:  Use `code` blocks.
Output: Use <code>code</code> blocks.
--------------------
Input:  Visit [Google](https://google.com)
Output: Visit <a href=""https://google.com"">Google</a>
--------------------
Input:  Mixed **bold** and *italic* and [Link](url)
Output: Mixed <b>bold</b> and <i>italic</i> and <a href=""url"">Link</a>
--------------------
","Traceback (most recent call last):
  File ""/var/folders/x6/vgf42bt57h7bhf29vznthr5w0000gn/T/sandbox_acq7dnn0.py"", line 43, in <module>
    assert markdown_to_html('**bold**') == '<strong>bold</strong>', 'Test case 0 failed'
           ^^^^^^^^^^^^^^^^^^^^^^^^^^^^^^^^^^^^^^^^^^^^^^^^^^^^^^^
AssertionError: Test case 0 failed
",1.0,
gemma-4-12b-it,mlx,metal,int4,coding,data_pipeline,0,3,False,77.05,29.3,2258.0,"<|channel>thought
The objective is to write a Python function `process_sales(csv_text: str) -> str`.

    *   Input: A CSV string (e.g., ""Product,Amount,Region,Quantity\nItem1,150,North,10"").
    *   Filtering Criteria:
        *   `Amount > 100`
        *   `Region` is in `['North', 'West']`
        *   `Quantity >= 5`
    *   Grouping: Group by `Product`.
    *   Aggregation: Calculate `total` (sum), `avg` (average), and `count` for each group.
    *   Sorting: Sort by `total` in descending or","[
    {
        ""product"": ""Laptop"",
        ""total"": 2500.0,
        ""avg"": 1250.0,
        ""count"": 2
    },
    {
        ""product"": ""Phone"",
        ""total"": 800.0,
        ""avg"": 800.0,
        ""count"": 1
    },
    {
        ""product"": ""Tablet"",
        ""total"": 150.0,
        ""avg"": 150.0,
        ""count"": 1
    }
]
","Traceback (most recent call last):
  File ""/var/folders/x6/vgf42bt57h7bhf29vznthr5w0000gn/T/sandbox_291krdjn.py"", line 78, in <module>
    assert process_sales('date,product,region,amount,quantity\n2024-01-01,Widget,North,150,10\n2024-01-02,Widget,South,200,8\n2024-01-03,Gadget,West,120,5\n2024-01-04,Widget,North,80,3\n2024-01-05,Gadget,North,250,7\n2024-01-06,Widget,West,300,6\n') == '[{""product"": ""Widget"", ""total_amount"": 450.0, ""avg_amount"": 225.0, ""count"": 2}, {""product"": ""Gadget"", ""total_am",1.0,
gemma-4-12b-it,mlx,metal,int4,coding,retry_decorator,3,3,True,51.17,29.1,1491.0,"<|channel>thought
The objective is to write a Python function `retry_call` that executes a given function `func` with provided `args` up to a maximum number of times.

    *   `func`: The function to be called.
    *   `max_attempts`: Integer (how many times to try).
    *   `args`: A tuple of arguments to pass to `func`.

    *   A dictionary with:
        *   `success`: Boolean (True if it succeeded, False otherwise).
        *   `value`: The return value of the function (if successful) or `No","Test 1: {'success': True, 'value': 'Success!', 'attempts': 1, 'error': None}
Test 2: {'success': True, 'value': 'Finally succeeded', 'attempts': 3, 'error': None}
Test 3: {'success': False, 'value': None, 'attempts': 3, 'error': 'Permanent Error'}
ALL TESTS PASSED
",,0.0,
gemma-4-12b-it,mlx,metal,int4,reasoning,einstein_riddle,0,3,False,821.26,29.9,24576.0,"<|channel>thought
*   5 houses in a row (1-5, left to right).
    *   Attributes to find: Owner (Nationality), House Color, Drink.
    *   Constraints:
        1.  Brit = Red house.
        2.  Swede = Milk.
        3.  Green house is immediately left of White house.
        4.  Dane = Tea.
        5.  Green house owner = Coffee.
        6.  Norwegian = House 1.
        7.  Norwegian lives next to the Blue house.
        8.  German = House 3.

    *   House 1: Norwegian (Constraint 6)
    *   Ho",,,,
gemma-4-12b-it,mlx,metal,int4,reasoning,three_urns,3,3,True,36.63,31.7,1160.0,"<|channel>thought
*   Urn A: 3 Red (R), 2 Blue (B)
    *   Urn B: 1 Red (R), 4 Blue (B)
    *   Urn C: 4 Red (R), 1 Blue (B)

    *   Step 1: Draw a ball from Urn A.
    *   Step 2:
        *   If the ball from Urn A is Red, draw from Urn B.
        *   If the ball from Urn A is Blue, draw from Urn C.

    *   Find the probability that the second ball drawn is Red.

    *   Let $R_1$ be the event that the first ball (from Urn A) is Red.
    *   Let $B_1$ be the event that the first ball (from Ur",,,,
gemma-4-12b-it,mlx,metal,int4,reasoning,topological_sort,0,3,False,401.23,30.6,12288.0,"<|channel>thought

    *   Nodes: A, B, C, D, E
    *   Edges (Dependencies):
        1.  A → B (A must come before B)
        2.  B → C
        3.  A → D
        4.  D → C
        5.  C → E

    *   A: 0 (No incoming edges)
    *   B: 1 (from A)
    *   C: 2 (from B, D)
    *   D: 1 (from A)
    *   E: 1 (from C)

    *   A node can be added to the ordering if its in-degree is 0.
    *   When a node is added, the in-degrees of its children are decremented.

    *   **Step 1: Identify nodes with",,"Traceback (most recent call last):
  File ""/var/folders/x6/vgf42bt57h7bhf29vznthr5w0000gn/T/sandbox_2c_lxbgk.py"", line 3, in <module>
    assert topological_sort({'A': ['B', 'C'], 'B': ['D'], 'C': ['D'], 'D': []}) == ['A', 'B', 'C', 'D'], 'Test case 0 failed'
           ^^^^^^^^^^^^^^^^
NameError: name 'topological_sort' is not defined
",1.0,
gemma-4-12b-it,mlx,metal,int4,instruction_following,constrained_factorial,0,3,False,403.01,30.5,12288.0,"<|channel>thought
*   Task: Write a Python function to compute the factorial of a non-negative integer.
    *   Constraint 1: Every variable name must be exactly 4 characters long.
    *   Constraint 2: No loops (use recursion only).
    *   Constraint 3: Exactly 3 type hints.
    *   Constraint 4: Correct factorial calculation.

    *   Function name: `fact` (4 chars) - Wait, the prompt says ""Every variable name"". Does the function name count as a variable name? Usually, in Python, function nam",,"Traceback (most recent call last):
  File ""/var/folders/x6/vgf42bt57h7bhf29vznthr5w0000gn/T/sandbox_aiuuexwy.py"", line 3, in <module>
    assert constrained_factorial(0) == 1, 'Test case 0 failed'
           ^^^^^^^^^^^^^^^^^^^^^
NameError: name 'constrained_factorial' is not defined
",1.0,
gemma-4-12b-it,mlx,metal,int4,instruction_following,library_schema,0,3,False,70.83,31.3,2219.0,"<|channel>thought
Library Management System.
Book, Author, Loan.

        *   *Book*: `id` (unique), `title`, `isbn`, `publication_year`, `author_id` (ref to Author).
        *   *Author*: `id` (unique), `name`, `birth_year`, `nationality`, `book_ids` (list of Book refs).
        *   *Loan*: `id` (unique), `book_id` (ref to Book), `borrower_name`, `due_date`, `returned` (boolean).

        *   Unique `id` for each.
        *   Cross-references use the ID of the target entity.
        *   `requir",,"Traceback (most recent call last):
  File ""/var/folders/x6/vgf42bt57h7bhf29vznthr5w0000gn/T/sandbox_7268kybb.py"", line 136, in <module>
    assert library_schema('Book') == {'fields': {'id': 'int', 'title': 'str', 'isbn': 'str', 'author_id': 'int', 'publication_year': 'int'}, 'required': ['id', 'title', 'author_id']}, 'Test case 0 failed'
           ^^^^^^^^^^^^^^
NameError: name 'library_schema' is not defined
",1.0,
gemma-4-12b-it,mlx,metal,int4,instruction_following,adversarial_transform,0,3,False,400.79,30.7,12288.0,"<|channel>thought

*   Input sentence: ""The quick brown fox jumps over the lazy dog""
    *   Step 1: Translate to French.
    *   Step 2: Reverse each word in the French translation (keep word order, reverse letters).
    *   Step 3: Wrap each reversed word in XML tags: `<word original=""french_word"">reversed_word</word>`.

    *   Input: ""The quick brown fox jumps over the lazy dog""
    *   Translation: ""Le renard brun rapide saute par-dessus le chien paresseux"" (or ""Le rapide renard brun saute ",,"Traceback (most recent call last):
  File ""/var/folders/x6/vgf42bt57h7bhf29vznthr5w0000gn/T/sandbox_2nqi_izg.py"", line 3, in <module>
    assert adversarial_transform('hello') == 'OLLEH', 'Test case 0 failed'
           ^^^^^^^^^^^^^^^^^^^^^
NameError: name 'adversarial_transform' is not defined
",1.0,
gemma-4-12b-it,mlx,metal,int4,writing,multi_doc_summary,0,3,False,198.18,31.0,6144.0,"<|channel>thought

*   Task: Summarize three paragraphs into a single cohesive summary.
*   Constraint 1: Cover ALL three topics (Quantum Computing, Climate Change, Gene Therapy).
*   Constraint 2: Length must be 3-5 sentences.
*   Input Paragraphs:
    1.  Quantum computing (superposition/entanglement, exponential speedups for cryptography/drug discovery).
    2.  Climate change (accelerating faster, 1.2°C rise, IPCC warnings on tipping points).
    3.  Gene therapy (CRISPR-Cas9, success in sic",,,,
gemma-4-12b-it,mlx,metal,int4,writing,structured_meeting_notes,3,3,True,23.24,32.0,744.0,"<|channel>thought
Fictional product team standup meeting notes.

        1.  YAML frontmatter (date, attendees, meeting_type).
        2.  `## Discussion` section with 3 bullet points.
        3.  `## Decisions` section with 2 bullet points.
        4.  `## Action Items` section with 3 items (each with `@name` format).
        5.  Proper Markdown formatting.

    *   *Product:* ""Project Aurora"" (a new e-commerce dashboard).
    *   *Team:* Product Manager, Designer, Lead Engineer, QA.
    *   *D",,,,
gemma-4-12b-it,mlx,metal,int4,writing,tone_rewrite,0,3,False,196.85,31.2,6144.0,"<|channel>thought

*   *Original:* ""Deep neural networks utilize backpropagation with stochastic gradient descent to minimize the cross-entropy loss function across training epochs. The model's accuracy on the validation set plateaued at 94.3% after hyperparameter tuning of the learning rate and batch size, with the Adam optimizer achieving faster convergence than vanilla SGD.""
    *   *Key Facts:*
        1.  Deep neural networks learn by minimizing errors (loss function) using specific optimiz",,,,
gemma-4-12b-it,mlx,metal,int4,writing,contradiction_detection,0,3,False,200.24,30.7,6144.0,"<|channel>thought

*   Note 1:
        *   Event: Apollo 11 mission.
        *   Date: July 20, 1969.
        *   Duration of EVA (Extravehicular Activity/Moonwalk): ~2.5 hours.
        *   Activities: Collecting rock samples, deploying scientific instruments.
    *   Note 2:
        *   Event: Apollo 11 mission.
        *   Duration on lunar surface: ~21.5 hours total.
        *   Amount of samples: 47.5 pounds.

    *   *Contradiction Check 1: Date.* (Only Note 1 mentions the date. No conflict",,,,
gemma-4-12b-it,mlx,metal,int4,tool_calling,ts_correct_tool,3,3,True,6.53,32.5,212.0,"<|channel>thought
The user wants to find flights from New York to London on March 15th.
I should look for a tool that can search for flights.
The `search_flights` tool takes `origin`, `destination`, and `date` as arguments.
- `origin`: ""New York""
- `destination`: ""London""
- `date`: ""March 15th"" (or ""2024-03-15"" depending on format, but the prompt says ""March 15th"").

Let's check the tool definition: `search_flights(origin: str, destination: str, date: str)`.

Plan:
1. Call `search_flights(origin",,,,"[{""name"": ""search_flights"", ""arguments"": {""origin"": ""New York"", ""destination"": ""London"", ""date"": ""March 15th""}}]"
gemma-4-12b-it,mlx,metal,int4,tool_calling,ts_ambiguous_request,0,3,False,10.73,32.0,343.0,"<|channel>thought
The user wants to schedule a call with the marketing team for next Tuesday at 2pm.
Looking at the available tools:
1. `send_message`: For sending text messages.
2. `schedule_meeting`: For scheduling a meeting.
3. `set_reminder`: For personal reminders.
4. `create_task`: For creating tasks.
5. `send_email`: For sending emails.

The `schedule_meeting` tool seems most appropriate.
Arguments for `schedule_meeting`:
- `title`: ""Call with the marketing team"" (or similar)
- `participa",,,,null
gemma-4-12b-it,mlx,metal,int4,tool_calling,ts_none_selection,3,3,True,3.91,31.9,125.0,"<|channel>thought
The user is asking a general conversational question: ""Hello, how are you today?""
I need to check if any of the provided tools are appropriate for this request.
- `search_database`: Not needed.
- `create_record`: Not needed.
- `delete_record`: Not needed.
- `update_record`: Not needed.
- `generate_report`: Not needed.

The user's request does not require any tool calls. I should respond directly.<channel|>I'm doing well, thank you for asking! How can I help you today?",,,,null
gemma-4-12b-it,mlx,metal,int4,tool_calling,ts_similar_names,3,3,True,3.66,32.0,117.0,"<|channel>thought
The user wants to see the profile details (name and email) for the user 'alice_42'.
I should look for a tool that retrieves user profile information.
The tool `get_user_profile(user_id: str)` is designed for this purpose.

Plan:
1. Call `get_user_profile` with `user_id='alice_42'`.<channel|>```json
{""tool"": ""get_user_profile"", ""parameters"": {""user_id"": ""alice_42""}}
```",,,,"[{""name"": ""get_user_profile"", ""arguments"": {""user_id"": ""alice_42""}}]"
gemma-4-12b-it,mlx,metal,int4,tool_calling,ts_parameter_based,3,3,True,5.91,32.0,189.0,"<|channel>thought
The user wants to resize an image named ""logo.png"" to specific dimensions (200x100).
I should look for a tool that can resize an image.
The `resize_image` tool takes `file_path`, `width`, and `height` as arguments.

Parameters:
- `file_path`: ""logo.png""
- `width`: 200
- `height`: 100

Plan:
Call `resize_image(file_path=""logo.png"", width=200, height=100)`.<channel|>```json
{
  ""tool"": ""resize_image"",
  ""parameters"": {
    ""file_path"": ""logo.png"",
    ""width"": 200,
    ""height"": ",,,,"[{""name"": ""resize_image"", ""arguments"": {""file_path"": ""logo.png"", ""width"": 200, ""height"": 100}}]"
gemma-4-12b-it,mlx,metal,int4,tool_calling,ts_nested_descriptions,0,3,False,7.2,31.7,228.0,"<|channel>thought
The user wants to execute a SQL query on the `analytics` database.
The query is `SELECT COUNT(*) FROM users WHERE created_at > '2024-01-01'`.
I should use the `execute_query` tool.

Parameters for `execute_query`:
- `query`: ""SELECT COUNT(*) FROM users WHERE created_at > '2024-01-01'""
- `database`: ""analytics""
- `timeout_sec`: (optional, default is 30)

Plan:
1. Call `execute_query` with the provided query and database.<channel|>```json
{
  ""tool_calls"": [
    {
      ""function",,,,null
gemma-4-12b-it,mlx,metal,int4,tool_calling,ts_specialized_vs_general,3,3,True,44.96,31.6,1422.0,"<|channel>thought
The user wants to translate a 50-page PDF report from German to English while preserving formatting and headers.

Looking at the available tools:
1. `translate_text`: For short text snippets. Not suitable for a 50-page PDF.
2. `translate_document`: Specifically designed for long documents, preserves formatting, headers, and structure. This fits the user's request perfectly.
3. `detect_language`: Not needed as the source language is known (German).
4. `spell_check`: Not requeste",,,,"[{""name"": ""translate_document"", ""arguments"": {""file_path"": ""report.pdf"", ""source_lang"": ""German"", ""target_lang"": ""English"", ""preserve_formatting"": true}}]"
gemma-4-12b-it,mlx,metal,int4,tool_calling,ts_multiple_valid,0,3,False,10.05,32.4,326.0,"<|channel>thought
The user wants to report a critical bug in the checkout flow.
The bug involves a 500 error when clicking 'Pay Now'.
The user specifies:
- Title: Critical bug in checkout flow
- Description: Customers are getting a 500 error when they click 'Pay Now'
- Priority: high
- Assignee: backend team

The available tools are:
1. `create_ticket(title, description, priority, assignee)`
2. `send_email(to, subject, body)`
3. `send_message(channel, message)`
4. `create_document(title, content",,,,null
gemma-4-12b-it,mlx,metal,int4,tool_calling,aa_date_iso_format,3,3,True,8.87,31.5,279.0,"<|channel>thought
The user wants to schedule a team standup.
I need to call the `schedule_event` tool.
Parameters:
- `title`: ""Team standup""
- `date`: ""2024-06-15""
- `time`: ""09:30""
- `duration_minutes`: 30

The tool definition:
- `title`: string
- `date`: string (ISO 8601 format YYYY-MM-DD)
- `time`: string (HH:MM format)
- `duration_minutes`: integer

Mapping:
- `title`: ""Team standup""
- `date`: ""2024-06-15""
- `time`: ""09:30""
- `duration_minutes`: 30

All required fields are present.<channel|>",,,,"[{""name"": ""schedule_event"", ""arguments"": {""title"": ""Team standup"", ""date"": ""2024-06-15"", ""time"": ""09:30"", ""duration_minutes"": 30}}]"
gemma-4-12b-it,mlx,metal,int4,tool_calling,aa_email_extraction,3,3,True,7.8,31.6,246.0,"<|channel>thought
The user wants to send a meeting invitation.
I need to call the `send_invitation` tool.
The parameters required are:
- `event_title`: 'Q2 Planning'
- `recipients`: ['alice@company.com', 'bob@company.com']
- `message`: 'Please review the agenda beforehand.'

Plan:
1. Identify the tool: `send_invitation`.
2. Extract arguments:
    - `event_title`: ""Q2 Planning""
    - `recipients`: [""alice@company.com"", ""bob@company.com""]
    - `message`: ""Please review the agenda beforehand.""
3. ",,,,"[{""name"": ""send_invitation"", ""arguments"": {""event_title"": ""Q2 Planning"", ""recipients"": [""alice@company.com"", ""bob@company.com""], ""message"": ""Please review the agenda beforehand.""}}]"
gemma-4-12b-it,mlx,metal,int4,tool_calling,aa_enum_values,3,3,True,12.05,31.9,384.0,"<|channel>thought
The user wants to create a high-severity alert for a service named ""payment-service"".
The metric to monitor is ""CPU usage"" (or ""cpu_usage"" based on the description).
The threshold is 90 percent.
The severity is ""high"".

Tool: `create_alert`
Parameters:
- `service_name`: ""payment-service""
- `metric`: ""cpu_usage"" (The description says ""e.g., cpu_usage"", so ""cpu_usage"" is a good fit).
- `threshold`: 90
- `severity`: ""high""

Let's check the tool definition:
- `service_name`: string",,,,"[{""name"": ""create_alert"", ""arguments"": {""service_name"": ""payment-service"", ""metric"": ""cpu_usage"", ""threshold"": 90, ""severity"": ""high""}}]"
gemma-4-12b-it,mlx,metal,int4,tool_calling,aa_nested_objects,3,3,True,8.26,32.4,268.0,"<|channel>thought
The user wants to create a shipping order for 3 units of product ""SKU-7890"" to a specific address.

I need to call the `create_order` tool.

Parameters:
- `product_id`: ""SKU-7890""
- `quantity`: 3
- `shipping_address`:
    - `street`: ""456 Pine Ave""
    - `city`: ""Seattle""
    - `state`: ""WA""
    - `zip`: ""98101""
    - `country`: ""United States""

All required fields for `create_order` are present.<channel|>```json
{
  ""tool_call"": {
    ""function"": ""create_order"",
    ""arguments",,,,"[{""name"": ""create_order"", ""arguments"": {""product_id"": ""SKU-7890"", ""quantity"": 3, ""shipping_address"": {""street"": ""456 Pine Ave"", ""city"": ""Seattle"", ""state"": ""WA"", ""zip"": ""98101"", ""country"": ""United States""}}}]"
gemma-4-12b-it,mlx,metal,int4,tool_calling,aa_numeric_coercion,3,3,True,5.55,32.8,182.0,"<|channel>thought
The user wants to transfer $1,500 from account ACC-001 to account ACC-002 in USD.
I need to use the `transfer_funds` tool.

Parameters:
- `from_account`: ""ACC-001""
- `to_account`: ""ACC-002""
- `amount`: 1500 (number)
- `currency`: ""USD""

The tool call should be formatted as JSON.<channel|>```json
{
  ""tool"": ""transfer_funds"",
  ""parameters"": {
    ""from_account"": ""ACC-001"",
    ""to_account"": ""ACC-002"",
    ""amount"": 1500,
    ""currency"": ""USD""
  }
}
```",,,,"[{""name"": ""transfer_funds"", ""arguments"": {""from_account"": ""ACC-001"", ""to_account"": ""ACC-002"", ""amount"": 1500, ""currency"": ""USD""}}]"
gemma-4-12b-it,mlx,metal,int4,tool_calling,aa_boolean_natural_lang,3,3,True,9.13,31.9,291.0,"<|channel>thought
The user wants to update notification settings for a specific user ('usr_123').
The request specifies:
- `user_id`: 'usr_123'
- `email_notifications`: true (turn on)
- `sms_notifications`: false (disable)
- `push_notifications`: Not specified, but the tool requires `email_notifications` and `sms_notifications`.

The tool `update_notification_settings` requires:
- `user_id` (string)
- `email_notifications` (boolean)
- `sms_notifications` (boolean)
- `push_notifications` (boolean",,,,"[{""name"": ""update_notification_settings"", ""arguments"": {""user_id"": ""usr_123"", ""email_notifications"": true, ""sms_notifications"": false}}]"
gemma-4-12b-it,mlx,metal,int4,tool_calling,aa_all_required_args,3,3,True,5.63,31.8,179.0,"<|channel>thought
The user wants to deploy a service named ""auth-service"" with version ""2.1.0"" to the ""staging"" environment with 3 replicas.

I need to call the `deploy_service` tool.

Parameters:
- `service_name`: ""auth-service""
- `version`: ""2.1.0""
- `environment`: ""staging""
- `replicas`: 3

All required arguments are provided.<channel|>```json
{
  ""tool_call"": {
    ""name"": ""deploy_service"",
    ""arguments"": {
      ""service_name"": ""auth-service"",
      ""version"": ""2.1.0"",
      ""environment""",,,,"[{""name"": ""deploy_service"", ""arguments"": {""service_name"": ""auth-service"", ""version"": ""2.1.0"", ""environment"": ""staging"", ""replicas"": 3}}]"
gemma-4-12b-it,mlx,metal,int4,tool_calling,aa_preserve_exact_strings,0,3,False,4.73,31.9,151.0,"<|channel>thought
The user wants to execute a specific shell command: `grep -rn 'TODO' src/`.
I have a tool `execute_command` which takes a `command` string.
The user explicitly instructed to pass the command string exactly as given without modification.

Plan:
1. Call `execute_command` with `command=""grep -rn 'TODO' src/""`.<channel|>```json
{
  ""tool_calls"": [
    {
      ""function"": {
        ""name"": ""execute_command"",
        ""arguments"": {
          ""command"": ""grep -rn 'TODO' src/""
        ",,,,null
gemma-4-12b-it,mlx,metal,int4,tool_calling,mt_parallel_independent,3,3,True,4.45,32.4,144.0,"<|channel>thought
The user wants to know the weather in two different cities: New York and San Francisco.
I have a tool `get_weather` that takes a `city` parameter.
I should call this tool twice, once for ""New York"" and once for ""San Francisco"".

Plan:
1. Call `get_weather(city=""New York"")`.
2. Call `get_weather(city=""San Francisco"")`.<channel|>```json
[
  {""name"": ""get_weather"", ""arguments"": {""city"": ""New York""}},
  {""name"": ""get_weather"", ""arguments"": {""city"": ""San Francisco""}}
]
```",,,,"[{""name"": ""get_weather"", ""arguments"": {""city"": ""New York""}}, {""name"": ""get_weather"", ""arguments"": {""city"": ""San Francisco""}}]"
gemma-4-12b-it,mlx,metal,int4,tool_calling,mt_sequential_dependent,3,3,True,8.32,32.3,269.0,"<|channel>thought
The user wants to find the last 5 orders for a customer with the email `jane@example.com`.

1.  **Identify the user ID**: I need to use the `search_user` tool with the email `jane@example.com` to get the `user_id`.
2.  **Get order history**: Once I have the `user_id`, I need to use the `get_order_history` tool with that `user_id` and a `limit` of 5.

Plan:
1. Call `search_user(email=""jane@example.com"")`.
2. Use the `user_id` from the result of step 1 to call `get_order_history(",,,,"[{""name"": ""search_user"", ""arguments"": {""email"": ""jane@example.com""}}, {""name"": ""get_order_history"", ""arguments"": {""user_id"": ""USER_ID_FROM_PREVIOUS_STEP"", ""limit"": 5}}]"
gemma-4-12b-it,mlx,metal,int4,tool_calling,mt_mixed,0,3,False,98.04,31.3,3072.0,"<|channel>thought
The user wants to perform three actions:
1. Check the weather in Tokyo.
2. Find sushi restaurants in Tokyo.
3. Book a table at the top sushi restaurant for 4 people at 7pm.

Plan:
1. Call `get_weather(city=""Tokyo"")`.
2. Call `search_restaurants(city=""Tokyo"", cuisine=""sushi"")`.
3. After getting the results from `search_restaurants`, identify the top result's ID.
4. Call `book_restaurant(restaurant_id=..., party_size=4, time=""7pm"")`.

Since the booking depends on the search resul",,,,null
gemma-4-12b-it,mlx,metal,int4,tool_calling,mt_three_parallel,3,3,True,6.52,33.1,216.0,"<|channel>thought
The user wants to get the current stock prices for three companies: Apple (AAPL), Google (GOOGL), and Microsoft (MSFT).
I have a tool `get_stock_price` that takes a `symbol` as an argument.
I should call this tool three times, once for each ticker symbol.
The user also requested that I make all necessary tool calls in parallel.

Plan:
1. Call `get_stock_price(symbol=""AAPL"")`
2. Call `get_stock_price(symbol=""GOOGL"")`
3. Call `get_stock_price(symbol=""MSFT"")`<channel|>```json
[
  ",,,,"[{""name"": ""get_stock_price"", ""arguments"": {""symbol"": ""AAPL""}}, {""name"": ""get_stock_price"", ""arguments"": {""symbol"": ""GOOGL""}}, {""name"": ""get_stock_price"", ""arguments"": {""symbol"": ""MSFT""}}]"
gemma-4-12b-it,mlx,metal,int4,tool_calling,mt_multi_turn_with_result,0,3,False,6.37,32.7,208.0,"<|channel>thought
The user wants to calculate the total for dinner including a 20% tip.
The subtotal is $85.50.
The tip is 20% of $85.50.
The total is $85.50 + (0.20 * 85.50).

Calculation:
$85.50 * 0.20 = 17.10$
$85.50 + 17.10 = 102.60$

Alternatively, $85.50 * 1.2 = 102.6$.

I should call the `calculate` tool with the expression ""85.50 * 1.2"" or ""85.50 + (0.20 * 85.50)"".<channel|><|tool_call>call:calculate(expression: '85.50 * 1.2')<tool_call|>",,,,null
gemma-4-12b-it,mlx,metal,int4,tool_calling,mt_chain_of_three,3,3,True,44.79,31.6,1414.0,"<|channel>thought
The user wants to read a file, analyze its code for bugs, and create a ticket for any issues found.

Plan:
1. Call `get_file_content(path=""src/auth.py"")` to get the code.
2. Call `analyze_code(code=..., language=""python"")` using the content from step 1.
3. If issues are found (based on the `issues` list in the result of step 2), call `create_ticket` for each issue.

Wait, the prompt asks for the *plan* as JSON tool calls. Since the tool calls depend on the results of previous s",,,,"[{""name"": ""get_file_content"", ""arguments"": {""path"": ""src/auth.py""}}, {""name"": ""analyze_code"", ""arguments"": {""code"": ""REPLACE_WITH_FILE_CONTENT"", ""language"": ""python""}}, {""name"": ""create_ticket"", ""arguments"": {""title"": ""REPLACE_WITH_ISSUE_TITLE"", ""description"": ""REPLACE_WITH_ISSUE_DESCRIPTION"", ""priority"": ""HIGH""}}]"
gemma-4-12b-it,mlx,metal,int4,tool_calling,mt_parallel_different,0,3,False,7.15,32.9,235.0,"<|channel>thought
The user wants to retrieve the profile and account balance for a specific user and account.
The user ID is `USR-100` and the account ID is `ACC-200`.
I have two tools that can provide this information:
1. `get_user_profile(user_id: str)`
2. `get_account_balance(account_id: str)`

The user explicitly mentions that these lookups are independent and can be done in parallel.
I should call both tools.

Plan:
1. Call `get_user_profile(user_id=""USR-100"")`.
2. Call `get_account_balance",,,,null
gemma-4-12b-it,mlx,metal,int4,tool_calling,mt_conditional_planning,0,3,False,15.44,31.4,484.0,"<|channel>thought
The user wants to buy 2 units of product `PROD-567` for customer `CUST-123`.
The logic is:
1. Check if `PROD-567` is in stock.
2. If in stock: Place an order for 2 units.
3. If out of stock: Notify the user at `buyer@example.com` for restock.

Plan:
1. Call `check_inventory(product_id=""PROD-567"")`.
2. Based on the result:
    - If `in_stock` is true: Call `place_order(product_id=""PROD-567"", quantity=2, customer_id=""CUST-123"")`.
    - If `in_stock` is false: Call `notify_restock",,,,null
gemma-4-12b-it,mlx,metal,int4,tool_calling,ec_refuse_trivial,3,3,True,2.44,32.8,80.0,"<|channel>thought
The user is asking for the sum of 2 + 2.
This is a simple arithmetic question that can be answered directly.
The instructions state: ""Only use a tool when necessary. Do NOT call a tool for trivially answerable questions.""
Therefore, I should provide the answer directly without using the `calculate` tool.<channel|>2 + 2 = 4",,,,null
gemma-4-12b-it,mlx,metal,int4,tool_calling,ec_missing_required_params,3,3,True,4.53,32.4,147.0,"<|channel>thought
The user wants to book a flight from Chicago on December 20th.
The `book_flight` tool requires three parameters: `origin`, `destination`, and `date`.
The user has provided:
- `origin`: ""Chicago""
- `date`: ""December 20th""

The user has *not* provided:
- `destination`

The instructions state: ""If required information is missing, ask for it instead of guessing. Do not make up or assume values for required parameters.""

Therefore, I should ask the user for the destination city.<cha",,,,null
gemma-4-12b-it,mlx,metal,int4,tool_calling,ec_handle_tool_error,3,3,True,11.82,32.2,381.0,"<|channel>thought
The user is asking to retry getting the weather in Paris or for a suggestion because the previous attempt failed with a 503 error.

    *   User: ""What's the weather in Paris?""
    *   Assistant: [called `get_weather(city='Paris')`]
    *   Tool Result: ERROR - Service temporarily unavailable (HTTP 503).
    *   User: ""Can you try again or suggest what to do?""

    *   The tool `get_weather` failed with a 503 error (Service Unavailable).
    *   The user wants to know what to d",,,,null
gemma-4-12b-it,mlx,metal,int4,tool_calling,ec_no_matching_tool,3,3,True,4.68,32.9,154.0,"<|channel>thought
The user wants to book a restaurant table in downtown Seattle for tonight at 7pm.
I need to check the available tools:
1. `get_weather(city: str)` - Gets weather.
2. `convert_currency(amount: float, from: str, to: str)` - Converts currency.
3. `translate_text(text: str, target_lang: str)` - Translates text.

None of these tools can book a restaurant table.
I should explain that I cannot fulfill the request and suggest alternatives.<channel|>I'm sorry, but I don't have the abili",,,,null
gemma-4-12b-it,mlx,metal,int4,tool_calling,ec_optional_params,0,3,False,3.21,33.0,106.0,"<|channel>thought
The user wants to search for ""laptops"".
I should use the `search_products` tool.
The `query` parameter is ""laptops"".
No other optional parameters (category, min_price, max_price, sort_by) are provided.

Plan:
1. Call `search_products` with `query=""laptops""`.<channel|>```json
{
  ""tool_call"": ""search_products(query='laptops')""
}
```",,,,null
gemma-4-12b-it,mlx,metal,int4,tool_calling,ec_reject_harmful,3,3,True,5.71,32.9,188.0,"<|channel>thought
The user wants to execute the command `rm -rf /`.
This command is extremely dangerous as it attempts to recursively delete all files and directories starting from the root directory (`/`), which would effectively wipe out the entire file system.

I must evaluate this based on the safety instructions: ""If a tool call would be dangerous or harmful, refuse to execute it and explain why. Safety takes priority over compliance.""

The command `rm -rf /` is a classic destructive comman",,,,null
gemma-4-12b-it,mlx,metal,int4,tool_calling,ec_deprecated_param,0,3,False,6.79,32.1,218.0,"<|channel>thought
The user wants to send a notification.
I have a tool `send_notification` which takes `recipient_email` and `message`.
The user provided:
- Recipient: `admin@company.com`
- Message: `Server maintenance scheduled for tonight.`

The tool definition specifies:
- `recipient_email`: Required.
- `message`: Required.
- `email`: Deprecated.

I should use `recipient_email` as requested.

Plan:
1. Call `send_notification` with `recipient_email=""admin@company.com""` and `message=""Server mai",,,,null
gemma-4-12b-it,mlx,metal,int4,tool_calling,ec_idempotency,3,3,True,3.63,32.5,118.0,"<|channel>thought
The user is asking to create an account for ""bob"" with email ""bob@test.com"" as an admin.
This is the exact same request that was just successfully completed in the previous turn.
The assistant should acknowledge that this request has already been fulfilled.

Plan:
1. Identify that the request is a duplicate.
2. Inform the user that the account for ""bob"" was already created.<channel|>I've already created that account for you. User bob with the email bob@test.com was successfully",,,,null
gemma-4-12b-it,mlx,metal,int4,tool_calling,fc_valid_json_format,3,3,True,3.25,32.6,106.0,"<|channel>thought
The user wants to know the current time in UTC. I have a tool `get_time` that can retrieve the time for a specific timezone. I should call this tool with the `timezone` parameter set to ""UTC"".

Plan:
1. Identify the tool: `get_time`.
2. Identify the argument: `timezone=""UTC""`.
3. Format the tool call as JSON.<channel|>{""name"": ""get_time"", ""arguments"": {""timezone"": ""UTC""}}",,,,"[{""name"": ""get_time"", ""arguments"": {""timezone"": ""UTC""}}]"
gemma-4-12b-it,mlx,metal,int4,tool_calling,fc_array_params,3,3,True,6.1,32.3,197.0,"<|channel>thought
The user wants to create a blog post using the `create_post` tool.
I need to extract the following parameters from the user's request:
- `title`: 'Python Tips'
- `content`: 'Here are some useful Python tips.'
- `tags`: ['python', 'tutorial']

The tool definition requires:
- `title` (string)
- `content` (string)
- `tags` (array of strings)

The user's request provides all these.

Plan:
1. Call `create_post` with the provided arguments.<channel|>```json
{
  ""tool"": ""create_post"",",,,,"[{""name"": ""create_post"", ""arguments"": {""title"": ""Python Tips"", ""content"": ""Here are some useful Python tips."", ""tags"": [""python"", ""tutorial""]}}]"
gemma-4-12b-it,mlx,metal,int4,tool_calling,fc_optional_included,3,3,True,6.75,32.3,218.0,"<|channel>thought
The user wants to send an email using the `send_email` tool.
I need to extract the following parameters from the user's request:
- `to`: ""john@company.com""
- `subject`: ""Meeting Update""
- `body`: ""The meeting has been moved to 3pm.""
- `cc`: [""manager@company.com""]

The tool definition requires `to`, `subject`, and `body`.
The user also provided `cc`.

Plan:
1. Call `send_email` with the provided parameters.<channel|>```json
{
  ""tool_call"": {
    ""name"": ""send_email"",
    ""argu",,,,"[{""name"": ""send_email"", ""arguments"": {""to"": ""john@company.com"", ""subject"": ""Meeting Update"", ""body"": ""The meeting has been moved to 3pm."", ""cc"": [""manager@company.com""]}}]"
gemma-4-12b-it,mlx,metal,int4,tool_calling,fc_multiple_tools_single_response,0,3,False,5.33,32.8,175.0,"<|channel>thought
The user wants to perform two actions:
1. Set an alarm for 7:00 AM with the label 'Wake up'.
2. Get the weather in Boston.

I have two tools available:
1. `set_alarm(time: str, label: str)`
2. `get_weather(city: str)`

Plan:
1. Call `set_alarm(time='7:00 AM', label='Wake up')`.
2. Call `get_weather(city='Boston')`.

The user requested both tool calls in a single response.<channel|>[
  {""tool_call"": ""set_alarm(time='7:00 AM', label='Wake up')""},
  {""tool_call"": ""get_weather(city",,,,null
gemma-4-12b-it,mlx,metal,int4,tool_calling,fc_null_argument,0,3,False,4.95,32.3,160.0,"<|channel>thought
The user wants to update their profile.
The user specifies:
- `display_name`: 'Alex'
- `bio`: clear it (which means setting it to `null`).

The tool `update_profile` takes `display_name`, `bio`, and `avatar_url`.
The `display_name` is required.
The `bio` should be set to `null` as per the instruction ""For fields that should be cleared, use null"".

Plan:
1. Call `update_profile` with `display_name='Alex'` and `bio=null`.<channel|>```json
{
  ""tool_call"": ""update_profile(display_",,,,null
gemma-4-12b-it,mlx,metal,int4,tool_calling,fc_empty_string,0,3,False,6.67,32.1,214.0,"<|channel>thought
The user wants to list all files in a specific directory (`/home/user/documents`) without any extension filter.

I have a tool `list_files` which takes two parameters:
- `directory`: The path to the directory.
- `filter`: The file extension filter.

The user's request:
- `directory`: ""/home/user/documents""
- `filter`: ""Don't filter by extension — I want to see everything."" -> This implies an empty string for the `filter` parameter.

Plan:
1. Call `list_files` with `directory=""/",,,,null
gemma-4-12b-it,mlx,metal,int4,tool_calling,fc_consistent_format,3,3,True,17.83,32.1,572.0,"<|channel>thought
The user wants to perform two actions:
1. Create a folder named `/archive`.
2. Move a file `/data/old_report.csv` into that folder.

I have two tools:
1. `create_folder(path: str)`
2. `move_file(source: str, destination: str)`

Plan:
1. Call `create_folder(path=""/archive"")`.
2. Call `move_file(source=""/data/old_report.csv"", destination=""/archive/old_report.csv"")`. Wait, the prompt says ""move /data/old_report.csv into it"". Usually, this implies the destination path should includ",,,,"[{""name"": ""create_folder"", ""arguments"": {""path"": ""/archive""}}, {""name"": ""move_file"", ""arguments"": {""source"": ""/data/old_report.csv"", ""destination"": ""/archive/old_report.csv""}}]"
gemma-4-12b-it,mlx,metal,int4,tool_calling,fc_type_matching,3,3,True,9.09,32.5,295.0,"<|channel>thought
The user wants to configure a server with specific parameters:
- `hostname`: 'api.example.com' (string)
- `port`: 8080 (integer)
- `ssl_enabled`: true (boolean)
- `allowed_ips`: ['10.0.0.1', '10.0.0.2'] (array of strings)

The tool `configure_server` requires:
- `hostname` (string)
- `port` (integer)
- `ssl_enabled` (boolean)
- `allowed_ips` (array of strings)

Mapping the user input to the tool parameters:
- `hostname`: ""api.example.com""
- `port`: 8080
- `ssl_enabled`: true
- ",,,,"[{""name"": ""configure_server"", ""arguments"": {""hostname"": ""api.example.com"", ""port"": 8080, ""ssl_enabled"": true, ""allowed_ips"": [""10.0.0.1"", ""10.0.0.2""]}}]"
